<?xml version="1.0" encoding="UTF-8"?>
<GenRun Id="synth_1" LaunchPart="xc7a100tcsg324-1" LaunchTime="1671613666" LaunchIncrCheckpoint="$PSRCDIR/utils_1/imports/synth_1/FMS_GENERAL.dcp">
  <File Type="PA-TCL" Name="FMS_GENERAL.tcl"/>
  <File Type="REPORTS-TCL" Name="FMS_GENERAL_reports.tcl"/>
  <File Type="RDS-RDS" Name="FMS_GENERAL.vds"/>
  <File Type="RDS-DCP" Name="FMS_GENERAL.dcp"/>
  <FileSet Name="sources" Type="DesignSrcs" RelSrcDir="$PSRCDIR/sources_1" RelGenDir="$PGENDIR/sources_1">
    <Filter Type="Srcs"/>
    <File Path="$PSRCDIR/sources_1/imports/Downloads/FMS_COMPROBATION1812.vhd">
      <FileInfo>
        <Attr Name="ImportPath" Val="$PPRDIR/../FMS_COMPROBATION1812.vhd"/>
        <Attr Name="ImportTime" Val="1671611276"/>
        <Attr Name="UsedIn" Val="synthesis"/>
        <Attr Name="UsedIn" Val="simulation"/>
      </FileInfo>
    </File>
    <File Path="$PSRCDIR/sources_1/imports/Downloads/FMS_CREATE1812.vhd">
      <FileInfo>
        <Attr Name="ImportPath" Val="$PPRDIR/../FMS_CREATE1812.vhd"/>
        <Attr Name="ImportTime" Val="1671611279"/>
        <Attr Name="UsedIn" Val="synthesis"/>
        <Attr Name="UsedIn" Val="simulation"/>
      </FileInfo>
    </File>
    <File Path="$PSRCDIR/sources_1/imports/Downloads/FMS_GEN2012.vhd">
      <FileInfo>
        <Attr Name="ImportPath" Val="$PPRDIR/../FMS_GEN2012.vhd"/>
        <Attr Name="ImportTime" Val="1671611270"/>
        <Attr Name="UsedIn" Val="synthesis"/>
        <Attr Name="UsedIn" Val="simulation"/>
      </FileInfo>
    </File>
    <Config>
      <Option Name="DesignMode" Val="RTL"/>
      <Option Name="TopModule" Val="FMS_GENERAL"/>
      <Option Name="TopAutoSet" Val="TRUE"/>
    </Config>
  </FileSet>
  <FileSet Name="constrs_in" Type="Constrs" RelSrcDir="$PSRCDIR/constrs_1">
    <Filter Type="Constrs"/>
    <File Path="$PSRCDIR/constrs_1/imports/Downloads/Nexys4DDR_Master3.xdc">
      <FileInfo>
        <Attr Name="ImportPath" Val="$PPRDIR/../Nexys4DDR_Master3.xdc"/>
        <Attr Name="ImportTime" Val="1671611274"/>
        <Attr Name="UsedIn" Val="synthesis"/>
        <Attr Name="UsedIn" Val="implementation"/>
      </FileInfo>
    </File>
    <Config>
      <Option Name="TargetConstrsFile" Val="$PSRCDIR/constrs_1/imports/Downloads/Nexys4DDR_Master3.xdc"/>
      <Option Name="ConstrsType" Val="XDC"/>
    </Config>
  </FileSet>
  <FileSet Name="utils" Type="Utils" RelSrcDir="$PSRCDIR/utils_1">
    <Filter Type="Utils"/>
    <File Path="$PSRCDIR/utils_1/imports/synth_1/FMS_GENERAL.dcp">
      <FileInfo>
        <Attr Name="ImportPath" Val="$PPRDIR/../TRABAJO_CRIS/TRABAJO_CRIS.srcs/utils_1/imports/synth_1/FMS_GENERAL.dcp"/>
        <Attr Name="ImportTime" Val="1671613666"/>
        <Attr Name="UsedIn" Val="synthesis"/>
        <Attr Name="UsedIn" Val="implementation"/>
        <Attr Name="UsedInSteps" Val="synth_1"/>
        <Attr Name="AutoDcp" Val="1"/>
      </FileInfo>
    </File>
    <Config>
      <Option Name="TopAutoSet" Val="TRUE"/>
    </Config>
  </FileSet>
  <Strategy Version="1" Minor="2">
    <StratHandle Name="Vivado Synthesis Defaults" Flow="Vivado Synthesis 2022"/>
    <Step Id="synth_design"/>
  </Strategy>
</GenRun>
