<?xml version="1.0" encoding="UTF-8"?>
<GenRun Id="impl_1" LaunchPart="xc7a100tcsg324-1" LaunchTime="1671613666">
  <File Type="PA-TCL" Name="FMS_GENERAL.tcl"/>
  <File Type="REPORTS-TCL" Name="FMS_GENERAL_reports.tcl"/>
  <File Type="BITSTR-MSK" Name="FMS_GENERAL.msk"/>
  <File Type="RDI-RDI" Name="FMS_GENERAL.vdi"/>
  <File Type="BG-BIT" Name="FMS_GENERAL.bit"/>
  <File Type="BG-DRC" Name="FMS_GENERAL.drc"/>
  <File Type="BG-BGN" Name="FMS_GENERAL.bgn"/>
  <File Type="BG-BIN" Name="FMS_GENERAL.bin"/>
  <File Type="BITSTR-RBT" Name="FMS_GENERAL.rbt"/>
  <File Type="BITSTR-NKY" Name="FMS_GENERAL.nky"/>
  <File Type="BITSTR-BMM" Name="FMS_GENERAL_bd.bmm"/>
  <File Type="BITSTR-MMI" Name="FMS_GENERAL.mmi"/>
  <File Type="BITSTR-SYSDEF" Name="FMS_GENERAL.sysdef"/>
  <File Type="BITSTR-LTX" Name="debug_nets.ltx"/>
  <File Type="BITSTR-LTX" Name="FMS_GENERAL.ltx"/>
  <File Type="WBT-USG" Name="usage_statistics_webtalk.html"/>
  <File Type="OPT-HWDEF" Name="FMS_GENERAL.hwdef"/>
  <File Type="ROUTE-RQS" Name="FMS_GENERAL_routed.rqs"/>
  <File Type="ROUTE-RQS-RPT" Name="route_report_qor_suggestions_0.rpt"/>
  <File Type="PLACE-PRE-SIMILARITY" Name="FMS_GENERAL_incremental_reuse_pre_placed.rpt"/>
  <File Type="POSTROUTE-PHYSOPT-RQS-RPT" Name="postroute_physopt_report_qor_suggestions_0.rpt"/>
  <File Type="ROUTE-DCP" Name="FMS_GENERAL_routed.dcp"/>
  <File Type="ROUTE-ERROR-DCP" Name="FMS_GENERAL_routed_error.dcp"/>
  <File Type="ROUTE-BLACKBOX-DCP" Name="FMS_GENERAL_routed_bb.dcp"/>
  <File Type="ROUTE-TIMING-PB" Name="FMS_GENERAL_timing_summary_routed.pb"/>
  <File Type="OPT-DCP" Name="FMS_GENERAL_opt.dcp"/>
  <File Type="PLACE-DCP" Name="FMS_GENERAL_placed.dcp"/>
  <File Type="PWROPT-DCP" Name="FMS_GENERAL_pwropt.dcp"/>
  <File Type="POSTPLACE-PWROPT-DCP" Name="FMS_GENERAL_postplace_pwropt.dcp"/>
  <File Type="PHYSOPT-DCP" Name="FMS_GENERAL_physopt.dcp"/>
  <File Type="POSTROUTE-PHYSOPT-DCP" Name="FMS_GENERAL_postroute_physopt.dcp"/>
  <File Type="POSTROUTE-PHYSOPT-BLACKBOX-DCP" Name="FMS_GENERAL_postroute_physopt_bb.dcp"/>
  <File Type="PDI-FILE" Name="FMS_GENERAL.pdi"/>
  <File Type="RCFI_FILE" Name="FMS_GENERAL.rcfi"/>
  <File Type="CFI_FILE" Name="FMS_GENERAL.cfi"/>
  <File Type="RNPI_FILE" Name="FMS_GENERAL.rnpi"/>
  <File Type="NPI_FILE" Name="FMS_GENERAL.npi"/>
  <File Type="RBD_FILE" Name="FMS_GENERAL.rbd"/>
  <File Type="POSTROUTE-PHYSOPT-RQS" Name="FMS_GENERAL_postroute_physopted.rqs"/>
  <FileSet Name="sources" Type="DesignSrcs" RelSrcDir="$PSRCDIR/sources_1" RelGenDir="$PGENDIR/sources_1">
    <Filter Type="Srcs"/>
    <File Path="$PSRCDIR/sources_1/imports/Downloads/FMS_COMPROBATION1812.vhd">
      <FileInfo>
        <Attr Name="ImportPath" Val="$PPRDIR/../FMS_COMPROBATION1812.vhd"/>
        <Attr Name="ImportTime" Val="1671611276"/>
        <Attr Name="UsedIn" Val="synthesis"/>
        <Attr Name="UsedIn" Val="simulation"/>
      </FileInfo>
    </File>
    <File Path="$PSRCDIR/sources_1/imports/Downloads/FMS_CREATE1812.vhd">
      <FileInfo>
        <Attr Name="ImportPath" Val="$PPRDIR/../FMS_CREATE1812.vhd"/>
        <Attr Name="ImportTime" Val="1671611279"/>
        <Attr Name="UsedIn" Val="synthesis"/>
        <Attr Name="UsedIn" Val="simulation"/>
      </FileInfo>
    </File>
    <File Path="$PSRCDIR/sources_1/imports/Downloads/FMS_GEN2012.vhd">
      <FileInfo>
        <Attr Name="ImportPath" Val="$PPRDIR/../FMS_GEN2012.vhd"/>
        <Attr Name="ImportTime" Val="1671611270"/>
        <Attr Name="UsedIn" Val="synthesis"/>
        <Attr Name="UsedIn" Val="simulation"/>
      </FileInfo>
    </File>
    <Config>
      <Option Name="DesignMode" Val="RTL"/>
      <Option Name="TopModule" Val="FMS_GENERAL"/>
      <Option Name="TopAutoSet" Val="TRUE"/>
    </Config>
  </FileSet>
  <FileSet Name="constrs_in" Type="Constrs" RelSrcDir="$PSRCDIR/constrs_1">
    <Filter Type="Constrs"/>
    <File Path="$PSRCDIR/constrs_1/imports/Downloads/Nexys4DDR_Master3.xdc">
      <FileInfo>
        <Attr Name="ImportPath" Val="$PPRDIR/../Nexys4DDR_Master3.xdc"/>
        <Attr Name="ImportTime" Val="1671611274"/>
        <Attr Name="UsedIn" Val="synthesis"/>
        <Attr Name="UsedIn" Val="implementation"/>
      </FileInfo>
    </File>
    <Config>
      <Option Name="TargetConstrsFile" Val="$PSRCDIR/constrs_1/imports/Downloads/Nexys4DDR_Master3.xdc"/>
      <Option Name="ConstrsType" Val="XDC"/>
    </Config>
  </FileSet>
  <FileSet Name="utils" Type="Utils" RelSrcDir="$PSRCDIR/utils_1">
    <Filter Type="Utils"/>
    <File Path="$PSRCDIR/utils_1/imports/synth_1/FMS_GENERAL.dcp">
      <FileInfo>
        <Attr Name="ImportPath" Val="$PPRDIR/../TRABAJO_CRIS/TRABAJO_CRIS.srcs/utils_1/imports/synth_1/FMS_GENERAL.dcp"/>
        <Attr Name="ImportTime" Val="1671613666"/>
        <Attr Name="UsedIn" Val="synthesis"/>
        <Attr Name="UsedIn" Val="implementation"/>
        <Attr Name="UsedInSteps" Val="synth_1"/>
        <Attr Name="AutoDcp" Val="1"/>
      </FileInfo>
    </File>
    <Config>
      <Option Name="TopAutoSet" Val="TRUE"/>
    </Config>
  </FileSet>
  <Strategy Version="1" Minor="2">
    <StratHandle Name="Vivado Implementation Defaults" Flow="Vivado Implementation 2022"/>
    <Step Id="init_design"/>
    <Step Id="opt_design"/>
    <Step Id="power_opt_design"/>
    <Step Id="place_design"/>
    <Step Id="post_place_power_opt_design"/>
    <Step Id="phys_opt_design"/>
    <Step Id="route_design"/>
    <Step Id="post_route_phys_opt_design"/>
    <Step Id="write_bitstream">
      <Option Id="BinFile">1</Option>
    </Step>
    <Step Id="write_device_image"/>
  </Strategy>
</GenRun>
